ph,temperature_c,turbidity_ntu,dissolved_oxygen,conductivity_us,ph_category
8.05,16.24,8.51,10.8,458,1
7.38,24.17,4.74,9.16,486,1
8.22,17.58,9.55,6.71,307,1
7.89,18.05,6.68,10.22,342,1
6.69,27.65,1.6,5.59,578,0
8.45,22.86,8.91,10.42,540,1
8.02,33.44,5.15,9.13,365,1
8.07,21.38,1.85,5.78,296,1
6.76,29.52,1.95,5.56,320,0
7.4,24.22,7.03,10.26,415,1
7.24,28.2,0.95,7.05,426,1
8.35,26.99,3.22,11.23,273,1
7.79,24.46,1.83,10.33,226,1
8.15,34.0,4.69,9.89,398,1
7.39,21.85,4.44,6.95,518,1
6.95,18.54,5.46,9.96,260,0
7.61,28.56,3.16,11.64,363,1
6.63,31.92,0.8,5.64,264,0
8.16,15.81,6.34,7.28,296,1
7.76,23.99,4.05,6.64,444,1
8.02,32.85,6.69,7.75,314,1
7.21,29.99,1.53,10.2,305,1
8.44,34.84,0.63,8.32,598,1
8.29,25.63,2.86,9.0,268,1
8.06,28.2,4.84,7.2,275,1
6.89,21.05,4.24,5.99,571,0
7.43,33.95,8.2,6.87,420,1
6.59,22.33,4.09,11.02,217,0
6.81,29.77,5.54,9.22,369,0
7.87,23.06,6.14,7.65,426,1
7.99,26.24,0.71,10.53,301,1
8.44,29.4,5.39,5.45,419,1
7.15,25.18,3.78,6.78,459,1
7.24,33.14,4.5,6.61,300,1
7.44,23.39,1.45,11.9,524,1
6.88,27.94,7.94,9.94,381,0
6.76,21.85,9.45,9.32,585,0
7.45,23.16,0.71,5.03,235,1
6.95,23.8,6.21,6.29,329,0
7.84,17.52,7.76,9.45,488,1
7.37,16.83,3.21,7.66,557,1
8.17,28.35,7.98,11.47,288,1
7.9,28.11,6.51,10.35,592,1
7.12,28.26,9.33,8.13,277,1
8.16,15.4,9.82,10.25,366,1
8.11,21.53,0.9,11.83,325,1
7.27,18.96,4.73,8.23,369,1
7.08,30.56,5.7,9.5,560,1
7.86,32.21,1.89,11.43,493,1
6.78,19.93,3.69,6.74,518,0
6.9,28.36,9.88,11.21,301,0
6.51,17.59,0.65,5.68,578,0
8.07,20.5,4.8,9.54,374,1
7.83,17.77,8.51,10.48,460,1
7.91,20.67,3.58,9.3,479,1
8.06,28.49,5.06,8.47,465,1
7.42,33.21,9.79,9.32,440,1
7.64,19.05,5.01,6.06,392,1
6.78,25.84,1.74,6.51,459,0
6.73,29.03,0.99,6.89,562,0
7.84,34.06,9.48,9.18,355,1
7.44,27.2,3.03,8.09,404,1
7.63,20.1,5.29,6.71,272,1
8.03,27.51,1.36,11.18,342,1
7.77,21.41,4.52,7.62,508,1
7.61,34.52,9.34,8.12,456,1
7.62,22.99,5.27,7.87,284,1
7.11,28.71,9.73,6.27,418,1
6.56,15.46,2.96,10.12,524,0
7.37,23.0,5.29,8.14,249,1
6.93,32.5,8.67,5.11,224,0
7.32,27.2,4.76,11.75,357,1
8.21,23.88,3.16,10.71,462,1
6.97,33.72,8.63,10.06,325,0
6.62,32.08,4.2,11.08,528,0
7.06,21.44,5.54,11.35,538,1
7.09,25.89,9.78,7.36,413,1
7.82,24.8,2.27,9.28,351,1
7.61,27.64,3.36,9.26,216,1
8.07,21.68,0.8,6.87,528,1
7.83,19.88,4.22,6.55,558,1
7.31,33.25,2.4,5.8,376,1
8.13,33.48,6.96,9.62,406,1
6.83,31.87,2.22,10.47,501,0
6.55,34.56,6.91,10.33,478,0
6.68,29.9,3.0,7.21,254,0
7.94,30.29,3.87,6.44,468,1
7.42,30.25,3.81,8.18,569,1
6.82,24.61,7.31,8.83,500,0
7.5,24.13,4.93,11.43,392,1
6.8,19.8,3.93,11.12,409,0
7.89,27.9,8.6,11.41,303,1
7.39,20.79,5.93,10.95,464,1
7.26,20.16,2.53,11.75,296,1
7.1,26.72,9.05,8.26,336,1
7.76,23.2,3.76,5.33,306,1
7.22,19.38,0.87,5.58,334,1
6.68,31.32,5.2,7.73,346,0
6.74,32.21,1.68,6.8,233,0
8.42,18.35,2.77,6.19,487,1
8.32,15.15,7.6,11.67,376,1
7.9,21.72,1.74,6.37,579,1
7.03,30.95,8.17,11.72,272,1
8.44,31.78,9.4,10.33,467,1
8.06,17.77,6.26,9.49,271,1
7.93,30.49,7.25,9.73,418,1
7.4,17.31,7.28,7.32,396,1
7.04,22.8,9.93,9.52,379,1
6.69,34.97,3.74,6.31,461,0
8.31,18.85,2.05,11.56,531,1
7.41,18.08,5.43,7.11,326,1
6.9,23.46,5.57,6.79,539,0
7.11,27.39,2.19,9.98,273,1
7.66,33.66,6.32,9.6,317,1
6.85,34.62,0.63,8.16,324,0
8.21,16.39,9.31,9.43,581,1
8.02,17.76,3.01,6.12,247,1
7.94,30.81,0.88,9.71,358,1
7.36,20.41,1.53,6.89,369,1
7.75,32.7,2.78,6.91,520,1
7.67,28.27,3.1,6.14,394,1
7.8,17.24,0.81,7.33,586,1
6.67,31.65,3.15,7.32,496,0
7.33,18.53,2.33,8.18,481,1
6.58,23.47,4.1,6.33,501,0
7.49,26.04,4.16,6.35,264,1
7.16,25.02,3.72,8.79,379,1
6.79,28.72,3.62,5.9,434,0
6.71,28.05,1.35,9.82,283,0
7.68,34.84,0.74,11.61,247,1
6.84,34.99,2.42,7.99,254,0
8.35,25.33,7.69,11.31,515,1
7.66,16.9,9.91,5.69,462,1
7.19,29.56,9.32,5.3,312,1
7.68,34.53,5.29,10.05,494,1
6.55,21.37,5.55,10.33,478,0
8.42,24.22,3.49,10.9,526,1
7.46,23.5,7.85,5.4,564,1
8.07,16.03,7.77,10.44,552,1
6.67,28.45,8.52,7.64,272,0
7.47,22.07,9.01,7.12,507,1
7.48,30.75,4.63,6.21,357,1
8.38,31.64,7.79,11.97,361,1
7.64,31.42,8.16,5.45,458,1
7.45,23.33,3.43,10.79,440,1
7.03,21.43,9.33,9.48,367,1
7.16,29.98,1.4,10.15,599,1
7.54,31.03,9.95,9.98,269,1
7.38,24.83,7.82,11.01,238,1
6.54,32.86,1.39,6.29,211,0
8.15,17.88,6.73,5.01,525,1
8.29,32.58,0.82,9.19,362,1
6.78,16.92,7.82,7.48,374,0
7.61,18.07,8.09,5.87,459,1
6.72,25.68,6.22,6.3,374,0
7.84,16.35,8.64,7.32,429,1
7.06,16.06,1.43,5.49,223,1
7.82,15.01,3.12,5.4,262,1
7.95,23.73,4.43,11.41,572,1
8.04,30.49,0.9,7.18,380,1
6.72,15.7,4.76,11.88,266,0
8.33,28.05,3.02,11.75,347,1
6.96,31.46,4.23,6.0,333,0
6.57,18.36,4.54,10.0,309,0
7.61,17.94,8.85,9.21,317,1
7.24,32.22,3.07,9.83,491,1
8.16,31.46,8.99,5.67,242,1
8.12,25.78,4.55,6.32,323,1
7.13,31.38,3.61,5.54,387,1
8.41,16.86,5.27,9.23,416,1
7.08,22.89,4.47,11.91,552,1
7.53,29.76,2.95,9.7,569,1
7.01,20.15,5.28,9.98,318,1
8.37,30.05,1.94,11.89,415,1
6.83,25.08,3.84,9.75,208,0
6.59,30.01,5.88,5.28,446,0
7.37,24.29,4.43,11.07,261,1
8.48,22.36,8.33,7.55,229,1
8.28,19.38,2.94,5.03,468,1
8.0,19.17,9.71,8.55,271,1
8.28,30.03,7.95,11.56,390,1
8.29,17.38,9.69,6.8,240,1
7.54,16.72,8.46,8.44,498,1
7.13,18.53,1.85,6.22,505,1
8.04,18.51,5.5,5.4,429,1
7.82,31.46,2.11,5.56,534,1
7.25,22.97,8.27,10.09,374,1
6.69,34.81,6.05,11.05,274,0
7.99,17.74,3.0,6.0,260,1
7.02,28.07,9.33,7.02,287,1
8.37,23.97,1.59,6.37,280,1
6.98,22.86,5.86,5.19,329,0
6.75,32.5,7.35,8.87,285,0
8.16,34.51,1.06,9.9,436,1
6.81,32.46,6.18,9.54,259,0
6.86,18.85,8.25,7.72,448,0
7.7,19.42,1.14,8.89,333,1
8.25,28.12,5.37,5.66,474,1
6.89,20.78,2.96,6.08,405,0
7.12,29.69,6.8,11.52,562,1
8.05,26.33,1.63,10.33,375,1
8.44,26.02,9.4,11.46,318,1
7.5,31.57,9.0,11.42,435,1
6.79,29.21,2.27,9.55,463,0
6.53,15.53,3.57,11.5,375,0
6.96,15.99,6.08,7.92,423,0
6.76,27.03,7.32,5.03,388,0
7.86,24.72,4.71,5.44,322,1
6.74,20.2,1.98,5.77,325,0
7.51,23.37,1.49,5.67,562,1
7.89,30.16,10.0,7.46,470,1
7.66,31.53,4.83,9.91,238,1
6.9,26.22,8.79,10.53,584,0
8.11,22.71,5.08,9.13,484,1
7.93,20.41,9.26,6.03,220,1
7.98,25.44,1.33,10.24,491,1
6.76,21.29,1.58,7.48,435,0
6.75,26.28,9.33,5.09,566,0
8.36,28.53,9.5,6.96,395,1
7.3,16.32,3.49,7.31,407,1
7.1,15.02,3.87,6.92,325,1
7.48,19.25,4.8,10.68,328,1
7.83,32.89,4.45,10.32,447,1
8.41,27.93,2.31,9.87,531,1
7.07,18.44,9.03,5.97,556,1
8.35,32.81,2.91,10.65,508,1
6.55,24.4,7.2,9.74,443,0
7.61,24.52,1.14,6.36,400,1
7.77,33.71,0.87,9.54,335,1
6.71,16.19,6.71,8.38,507,0
6.78,19.3,3.72,8.08,327,0
7.34,26.72,6.73,5.78,307,1
8.43,18.91,1.39,8.63,547,1
7.69,28.59,9.52,5.7,435,1
8.37,19.28,7.61,6.15,341,1
8.11,16.98,8.82,5.93,546,1
7.43,19.14,1.8,11.68,585,1
8.07,23.45,3.54,6.99,327,1
6.54,18.52,4.0,7.49,408,0
6.72,17.69,5.6,7.25,393,0
8.16,32.21,3.32,11.29,480,1
8.09,21.41,1.08,8.94,580,1
6.97,22.22,4.0,11.43,419,0
7.56,16.11,2.92,7.1,519,1
7.71,22.15,4.17,5.8,438,1
8.24,20.3,2.37,8.89,554,1
7.71,27.21,2.99,7.42,361,1
7.33,19.11,6.46,10.61,354,1
7.25,32.77,4.19,11.16,368,1
7.35,33.59,3.78,8.31,598,1
7.8,17.0,5.57,11.8,444,1
8.23,17.15,7.83,8.87,261,1
7.41,17.31,4.1,6.9,216,1
7.0,27.39,6.08,8.42,407,1
6.97,17.44,9.68,5.26,522,0
7.99,32.05,5.46,10.63,391,1
8.13,30.09,9.14,5.71,424,1
6.71,31.4,8.04,7.16,519,0
6.63,25.52,1.06,8.96,406,0
7.69,34.93,4.58,5.3,563,1
6.79,15.88,7.13,5.56,455,0
8.15,23.03,9.87,9.87,492,1
7.12,21.48,4.85,5.5,512,1
6.79,33.97,1.38,8.34,450,0
8.34,26.54,5.84,7.37,220,1
6.83,31.12,1.7,6.6,370,0
7.07,18.41,7.64,6.32,256,1
6.81,34.57,5.32,10.34,404,0
6.73,24.97,7.37,11.66,257,0
6.54,24.87,8.76,5.98,403,0
6.61,34.42,6.48,11.72,337,0
6.85,22.61,6.32,9.16,208,0
6.61,22.95,7.67,9.49,249,0
7.68,26.7,8.5,9.97,401,1
7.86,17.56,8.76,9.93,231,1
7.29,21.42,0.85,10.74,542,1
7.14,18.86,5.78,8.38,503,1
7.51,17.07,2.55,8.73,483,1
8.25,32.32,8.67,7.27,268,1
8.2,26.79,6.66,5.74,518,1
6.59,22.17,4.49,9.65,453,0
6.86,23.17,2.29,5.24,356,0
6.97,23.63,3.72,6.93,200,0
7.0,27.66,7.19,5.66,411,1
7.64,33.54,2.44,6.34,518,1
7.33,33.66,1.39,9.47,213,1
6.6,22.83,8.94,9.4,221,0
7.25,21.59,7.76,7.95,353,1
7.55,24.02,2.4,5.63,404,1
6.7,26.36,3.28,8.03,389,0
8.17,24.24,9.73,7.47,370,1
6.6,28.18,7.23,10.04,302,0
8.35,26.09,6.3,9.05,223,1
6.7,21.41,3.42,8.44,212,0
8.19,21.91,3.34,8.41,239,1
8.31,22.57,0.88,11.76,476,1
8.46,16.89,7.42,10.29,514,1
8.1,18.32,0.91,8.48,374,1
8.06,29.46,0.55,8.35,230,1
7.78,22.78,7.43,5.19,366,1
8.06,19.29,9.51,11.6,594,1
6.77,26.25,7.69,7.23,299,0
7.57,30.11,4.98,6.79,396,1
7.53,20.15,5.12,12.0,415,1
8.22,31.54,4.64,10.03,331,1
7.43,33.55,3.58,5.33,375,1
7.27,26.95,5.46,5.43,388,1
7.78,28.38,4.6,5.18,389,1
7.03,16.05,6.18,9.2,487,1
6.78,33.91,9.03,5.5,432,0
7.46,22.85,9.95,11.53,221,1
7.33,33.48,1.25,11.56,202,1
6.97,26.58,4.15,8.82,364,0
7.24,15.09,2.22,9.32,563,1
7.23,15.77,3.85,7.04,214,1
7.15,28.61,3.23,5.45,228,1
7.26,26.25,2.16,10.16,471,1
7.87,15.53,7.76,5.71,380,1
7.09,29.87,5.21,5.6,292,1
8.4,32.04,9.23,7.18,282,1
8.33,24.93,0.81,5.09,466,1
7.46,24.32,1.14,8.04,409,1
7.16,15.11,4.33,9.95,455,1
7.57,30.73,1.26,10.61,312,1
8.2,21.61,3.0,9.23,410,1
7.81,32.58,9.87,10.93,544,1
8.11,22.46,2.49,7.85,326,1
7.57,26.3,2.38,10.94,358,1
7.77,20.41,5.95,8.55,265,1
7.08,18.21,5.23,6.56,455,1
7.97,30.5,6.01,11.61,213,1
6.9,24.93,4.08,6.92,299,0
7.89,25.73,8.35,5.18,485,1
8.22,34.31,1.82,6.7,207,1
6.76,34.27,4.57,7.57,595,0
7.73,32.11,7.05,7.46,361,1
6.69,18.75,8.75,8.67,359,0
7.95,26.89,4.01,11.18,414,1
6.67,32.56,5.89,7.05,455,0
8.37,22.49,1.16,8.65,383,1
6.77,17.02,2.12,7.38,553,0
8.42,31.22,1.16,10.75,584,1
8.1,24.64,7.41,6.1,280,1
7.69,26.29,3.24,5.72,482,1
8.07,34.64,7.38,8.52,320,1
8.09,27.14,1.13,9.7,598,1
8.39,23.5,8.69,10.57,301,1
7.01,22.4,8.44,9.13,318,1
7.68,23.35,1.34,10.42,485,1
6.69,17.37,0.73,7.75,515,0
7.73,30.9,1.03,5.23,251,1
6.84,31.75,8.61,5.81,422,0
7.63,20.69,2.73,5.27,338,1
7.64,21.08,5.71,7.3,444,1
7.43,32.49,4.55,8.47,422,1
7.55,15.48,8.06,7.49,594,1
8.03,25.41,5.14,8.92,573,1
8.1,24.27,5.26,8.36,461,1
7.48,28.8,9.9,9.75,471,1
7.7,18.27,1.93,9.67,559,1
8.36,28.37,8.39,7.23,273,1
6.74,22.53,0.99,7.42,490,0
6.73,27.37,5.04,9.1,508,0
6.68,15.8,8.92,9.18,250,0
7.82,24.23,6.82,7.2,552,1
7.34,25.45,7.01,7.31,479,1
8.05,19.29,3.0,9.86,338,1
7.84,17.79,4.48,9.53,393,1
7.17,18.77,3.98,5.95,395,1
8.3,21.88,5.45,8.09,567,1
8.03,16.94,4.89,11.25,587,1
7.04,33.95,3.61,5.25,522,1
7.23,23.1,3.4,10.99,460,1
7.13,31.18,2.88,6.14,241,1
6.82,34.49,3.97,8.55,565,0
6.8,16.61,1.92,7.97,253,0
8.37,28.03,8.78,5.07,266,1
7.38,32.43,6.22,11.41,227,1
7.27,27.68,1.77,8.18,579,1
7.96,23.58,7.09,11.68,397,1
7.61,23.62,8.55,7.01,294,1
8.37,15.72,2.76,11.06,232,1
8.06,25.69,1.93,11.46,364,1
7.46,34.87,0.58,8.9,489,1
7.25,34.17,0.95,6.42,597,1
8.47,15.81,7.74,9.8,420,1
7.94,29.12,9.88,8.84,442,1
8.4,21.04,0.93,11.61,534,1
6.74,33.06,7.61,8.07,560,0
8.2,15.9,1.18,6.88,311,1
7.77,33.72,6.13,5.97,596,1
6.74,31.75,7.68,9.89,407,0
7.68,17.35,3.91,11.82,572,1
7.87,16.2,0.6,5.2,246,1
6.52,31.69,6.15,10.18,238,0
7.41,18.12,9.92,11.49,553,1
8.15,25.7,2.95,5.52,469,1
7.09,33.31,2.3,5.77,270,1
7.42,26.35,1.68,9.84,557,1
7.38,22.94,5.77,9.54,240,1
7.1,23.9,6.17,5.48,472,1
8.34,16.26,8.03,10.84,282,1
8.06,34.38,7.65,8.66,228,1
6.72,21.21,8.98,11.35,522,0
8.49,18.79,8.15,11.15,538,1
8.26,20.72,2.85,10.69,242,1
7.07,34.29,5.78,8.61,237,1
8.17,16.89,3.33,6.76,445,1
6.71,32.35,3.63,8.54,211,0
8.5,29.16,9.35,5.71,498,1
7.83,31.6,6.98,9.61,566,1
7.8,34.52,9.76,5.94,500,1
6.68,31.84,4.46,8.58,292,0
8.29,33.87,5.61,5.38,276,1
6.56,17.54,5.13,7.1,472,0
6.98,30.92,1.52,6.62,224,0
6.79,25.91,2.75,9.34,415,0
8.05,25.87,5.51,10.51,379,1
6.9,32.98,1.14,5.4,497,0
8.32,34.44,9.35,10.95,280,1
7.81,29.1,1.68,11.03,504,1
6.57,24.66,2.38,7.4,479,0
6.51,24.13,7.77,9.61,295,0
6.6,22.73,1.42,7.82,342,0
7.71,22.23,9.05,6.08,226,1
8.1,22.83,7.39,8.7,379,1
6.98,16.8,1.15,5.6,304,0
8.2,16.55,7.07,11.15,245,1
6.61,30.6,6.5,11.47,423,0
8.1,23.92,7.69,10.75,427,1
8.36,33.61,8.37,8.94,234,1
8.04,27.24,7.32,8.9,274,1
7.9,15.7,6.07,11.89,233,1
8.18,18.15,3.56,6.74,471,1
6.58,19.12,7.12,5.53,335,0
6.9,34.51,9.59,8.93,228,0
6.75,19.37,6.08,7.3,276,0
7.51,25.32,6.81,7.26,590,1
7.99,33.72,4.65,5.05,302,1
7.76,34.54,7.68,9.17,473,1
8.2,19.73,9.98,6.85,387,1
6.81,15.98,2.02,6.32,272,0
7.97,18.07,2.42,5.28,322,1
6.89,16.27,5.62,7.55,205,0
7.04,18.9,5.07,11.15,498,1
7.92,26.37,5.93,7.36,333,1
8.46,33.25,0.97,9.75,399,1
7.72,25.74,4.34,10.3,261,1
6.61,27.52,6.04,7.3,529,0
7.73,19.04,6.06,10.75,287,1
6.58,31.01,6.74,9.84,426,0
8.27,27.36,7.34,8.91,549,1
7.92,32.28,6.59,5.01,485,1
6.85,33.98,8.01,5.25,441,0
6.68,21.96,6.44,11.94,555,0
6.87,16.81,5.61,10.48,270,0
8.46,19.52,6.26,11.56,585,1
7.42,23.76,1.46,11.32,422,1
8.07,33.91,3.09,5.14,363,1
7.77,22.57,5.51,10.54,302,1
7.64,30.42,8.79,8.16,497,1
6.79,25.81,6.95,10.53,590,0
8.39,18.66,1.36,5.05,476,1
7.1,21.41,6.13,7.02,213,1
7.66,28.06,2.61,10.26,387,1
7.9,28.46,7.47,10.55,492,1
7.8,23.7,8.36,9.34,358,1
8.38,19.57,6.14,7.11,509,1
6.8,29.44,6.12,7.17,482,0
7.52,18.38,3.72,11.77,226,1
7.31,33.73,4.74,8.07,423,1
7.45,18.76,8.71,8.13,268,1
6.74,17.15,7.37,8.87,394,0
6.77,24.95,5.44,7.87,353,0
7.06,25.39,4.0,8.87,522,1
7.11,25.16,0.98,8.03,547,1
7.36,23.73,1.86,10.79,384,1
7.72,34.9,2.33,11.36,414,1
7.77,24.73,4.05,11.52,450,1
7.32,24.56,9.47,8.95,462,1
7.32,23.44,5.3,8.1,454,1
6.94,16.34,2.73,9.94,513,0
7.68,26.86,1.5,10.87,592,1
7.13,19.56,3.71,8.94,531,1
6.57,27.75,8.25,9.9,253,0
7.34,16.02,4.14,10.25,390,1
7.45,34.63,7.84,9.73,384,1
6.95,24.38,8.13,10.22,403,0
7.64,32.94,1.55,6.46,411,1
7.63,24.51,6.28,8.49,487,1
7.9,16.21,9.61,9.12,368,1
7.8,31.44,4.32,5.02,305,1
7.8,27.96,0.98,10.99,383,1
7.13,30.64,9.27,9.27,541,1
8.07,23.56,8.89,5.9,324,1
7.6,27.76,5.46,10.71,208,1
7.36,32.12,5.75,10.02,590,1
7.75,27.62,2.51,10.31,278,1
7.22,21.95,8.28,7.74,441,1
7.53,28.25,5.24,10.98,520,1
7.97,28.44,0.82,7.9,309,1
8.27,34.21,6.99,8.99,336,1
8.34,22.42,9.53,5.0,312,1
7.51,23.5,8.38,9.51,259,1
7.54,31.24,3.13,10.03,261,1
8.1,25.12,1.01,8.97,274,1
7.13,29.73,9.43,8.48,383,1
8.17,24.19,9.4,10.67,412,1
7.49,19.31,5.56,9.77,206,1
6.73,29.9,6.6,6.95,538,0
6.64,17.62,4.89,11.71,470,0
8.18,18.97,4.49,9.95,228,1
6.61,27.54,1.63,11.92,537,0
7.06,29.95,1.42,11.8,212,1
7.17,32.89,2.71,11.43,424,1
6.85,20.45,8.45,10.29,386,0
7.13,17.21,1.89,9.27,400,1
7.99,34.12,2.65,6.21,582,1
6.53,18.09,5.71,8.8,570,0
8.15,18.95,2.54,10.36,311,1
8.21,20.83,2.05,8.65,431,1
7.24,25.59,5.85,11.08,583,1
6.81,32.66,4.0,5.77,491,0
7.7,30.21,6.45,7.67,555,1
6.74,29.16,9.17,8.54,373,0
7.23,18.5,1.93,8.03,313,1
8.42,22.15,9.18,5.76,404,1
8.49,24.57,9.07,6.07,526,1
8.04,17.95,8.38,10.86,571,1
7.12,20.47,6.5,8.39,474,1
7.88,21.17,6.39,5.34,482,1
7.91,17.55,6.57,5.12,404,1
7.28,26.0,7.06,8.31,327,1
7.78,29.1,0.66,6.15,369,1
6.52,16.4,9.6,9.94,399,0
6.92,24.62,6.06,10.57,526,0
7.55,30.64,7.92,6.6,422,1
6.83,29.96,4.08,9.15,517,0
6.83,31.3,0.62,6.08,210,0
8.17,23.96,5.34,7.13,502,1
8.48,31.41,5.32,11.22,402,1
7.61,19.82,4.65,8.81,599,1
8.18,22.22,3.73,11.2,388,1
8.48,18.53,2.87,6.58,391,1
6.78,24.35,5.51,7.31,250,0
7.4,22.84,4.07,8.3,522,1
7.29,19.82,9.71,8.36,480,1
6.66,30.04,2.14,11.98,544,0
8.01,21.28,3.54,5.8,237,1
7.37,20.46,3.29,10.96,284,1
7.44,17.62,5.66,11.05,550,1
6.8,23.78,5.24,8.87,216,0
6.86,21.06,6.62,7.41,403,0
8.31,22.39,9.53,8.63,361,1
6.59,19.72,3.21,7.05,575,0
6.97,30.26,7.08,10.59,542,0
7.08,33.6,0.74,8.49,558,1
7.48,24.96,2.99,11.48,315,1
7.67,27.86,4.91,9.36,435,1
7.49,32.34,0.79,8.6,480,1
6.67,34.98,6.37,9.98,586,0
6.99,27.27,6.94,8.53,202,0
8.19,32.8,7.59,11.33,590,1
7.78,33.17,5.41,6.29,342,1
7.8,30.83,6.24,11.81,251,1
7.84,24.22,4.26,10.69,446,1
8.03,16.62,0.89,11.03,512,1
6.62,15.32,1.45,8.38,251,0
7.23,24.54,6.72,10.86,216,1
7.58,24.89,9.96,7.15,558,1
7.18,23.15,0.65,10.33,573,1
8.19,26.36,5.8,5.98,262,1
7.47,26.04,7.63,7.15,561,1
8.04,31.73,8.35,8.12,563,1
8.2,17.17,5.68,7.26,598,1
7.51,19.5,6.39,7.71,286,1
8.32,30.86,7.12,10.74,431,1
7.67,31.96,8.66,6.8,597,1
8.2,34.9,1.66,10.22,561,1
7.18,32.46,9.3,5.52,441,1
7.5,32.8,0.75,10.36,278,1
7.56,21.29,8.44,10.54,233,1
6.71,23.03,1.23,7.81,303,0
7.3,20.36,2.35,10.06,226,1
8.33,27.13,0.54,11.41,278,1
7.76,33.78,4.73,10.6,229,1
6.86,21.89,3.68,7.73,504,0
7.18,26.14,2.08,8.39,435,1
6.88,20.93,4.79,10.46,407,0
6.55,18.4,4.32,7.05,523,0
8.35,18.9,7.79,10.63,364,1
7.4,16.16,8.98,7.3,361,1
7.12,33.99,6.7,10.64,282,1
7.7,23.06,1.68,5.61,377,1
6.51,31.68,3.31,5.31,269,0
7.06,28.63,9.18,11.98,435,1
7.91,18.84,1.34,11.09,598,1
7.77,18.51,4.37,11.18,413,1
8.46,31.24,9.45,11.66,319,1
7.74,20.29,9.53,8.07,475,1
7.46,33.27,4.41,7.01,528,1
8.02,17.8,6.84,5.91,388,1
8.31,28.55,4.84,8.51,300,1
7.94,31.29,7.66,6.54,485,1
8.43,19.71,0.8,11.55,274,1
8.06,20.52,1.87,5.03,598,1
8.23,34.29,6.33,6.0,327,1
6.73,20.29,2.71,6.73,340,0
7.96,23.6,6.83,6.39,490,1
7.38,23.65,3.84,6.58,204,1
7.61,20.06,8.92,9.59,281,1
7.81,30.52,8.28,7.29,250,1
8.44,30.44,5.18,9.31,356,1
8.47,22.57,7.84,11.23,421,1
7.08,31.7,3.08,9.22,271,1
7.97,19.26,5.2,9.86,337,1
8.0,15.09,2.38,7.56,508,1
7.19,26.42,8.68,6.12,575,1
6.75,34.88,8.32,7.24,205,0
6.58,15.77,9.07,11.75,450,0
8.05,19.16,8.84,9.35,210,1
7.48,25.38,9.62,6.94,408,1
8.47,31.2,2.67,8.16,551,1
7.43,16.78,9.35,10.85,519,1
8.46,22.9,5.93,9.68,293,1
7.32,29.94,4.51,8.92,303,1
8.09,22.43,5.82,11.2,513,1
6.67,18.78,3.75,9.71,527,0
7.61,18.91,3.24,9.5,312,1
8.1,23.2,2.79,6.33,201,1
8.35,24.59,1.28,5.74,377,1
8.15,32.24,5.22,11.76,447,1
6.57,27.85,8.93,9.19,377,0
7.25,28.81,6.49,7.91,573,1
6.6,34.66,5.45,9.12,525,0
6.72,23.24,4.57,5.43,515,0
7.85,23.07,4.91,10.75,208,1
7.93,33.47,2.49,6.52,541,1
8.05,19.92,8.32,10.63,502,1
8.23,29.6,2.38,8.74,358,1
7.98,30.09,7.31,6.94,435,1
8.1,16.96,7.72,5.21,529,1
6.6,24.36,5.96,10.71,562,0
6.97,19.01,8.7,6.24,420,0
7.74,18.71,3.26,5.36,216,1
8.22,24.28,8.88,10.29,447,1
6.51,20.79,7.43,7.45,472,0
7.53,30.92,8.09,7.73,223,1
7.85,33.15,6.81,6.73,526,1
6.56,31.05,8.54,11.01,280,0
7.3,20.32,9.93,7.08,556,1
8.29,20.48,4.49,6.47,420,1
7.84,20.09,8.23,7.16,328,1
6.98,17.7,7.57,6.42,223,0
8.21,33.88,4.8,7.22,207,1
7.2,23.04,9.31,5.58,496,1
8.21,19.49,4.25,6.11,350,1
7.1,31.93,5.87,7.92,536,1
7.68,22.98,1.51,11.16,292,1
7.29,15.7,2.64,5.4,568,1
7.05,18.24,8.49,6.49,576,1
8.27,27.79,4.27,11.36,240,1
6.88,30.66,4.24,11.23,458,0
6.67,19.22,2.84,9.76,575,0
7.18,33.35,5.17,6.68,329,1
7.94,32.02,8.16,7.94,227,1
8.11,31.97,9.0,6.48,550,1
8.5,19.55,1.17,5.9,389,1
7.09,16.01,5.96,7.66,210,1
7.32,32.35,4.94,9.03,536,1
6.77,21.12,6.34,7.52,471,0
7.65,27.38,4.75,9.28,228,1
8.5,30.2,4.29,7.07,303,1
7.9,17.57,4.98,7.42,207,1
7.69,30.62,6.03,10.53,581,1
7.28,33.77,5.26,11.15,209,1
8.33,29.57,4.99,7.25,518,1
7.49,23.82,8.27,9.0,404,1
6.77,32.53,7.58,6.95,433,0
7.23,25.55,3.74,5.37,524,1
6.63,29.9,8.11,10.17,557,0
6.9,31.41,8.61,6.2,250,0
6.54,29.99,1.96,7.98,207,0
7.41,20.76,6.04,8.41,249,1
7.77,17.36,3.21,6.29,473,1
7.19,19.77,7.52,5.66,427,1
7.34,25.06,2.77,7.44,233,1
8.42,25.11,6.88,11.67,293,1
8.0,26.65,2.92,9.31,414,1
7.58,22.9,5.36,7.67,492,1
7.07,30.74,9.51,5.27,337,1
8.29,33.26,4.12,9.2,579,1
6.97,19.93,8.82,5.65,596,0
7.15,29.73,9.88,8.8,506,1
8.32,28.56,8.81,10.26,381,1
7.56,25.46,2.08,7.97,550,1
7.98,18.77,8.29,7.1,491,1
7.68,30.9,0.81,5.33,407,1
7.81,34.21,4.24,5.17,377,1
7.1,29.44,8.77,8.01,532,1
6.98,33.36,7.04,11.18,422,0
7.14,34.68,5.56,6.71,273,1
6.81,22.04,4.18,9.02,599,0
8.25,27.76,8.22,9.79,227,1
7.07,24.48,7.24,5.43,478,1
7.62,34.73,4.95,6.07,462,1
8.08,16.88,8.98,7.32,434,1
8.07,23.25,2.68,9.69,220,1
7.38,32.51,2.12,8.07,397,1
7.45,20.68,6.61,10.14,556,1
8.49,30.76,9.73,11.07,295,1
7.85,22.66,2.85,10.31,476,1
8.13,34.6,2.87,11.95,543,1
8.31,32.67,1.83,10.28,580,1
8.08,21.03,8.68,10.97,406,1
6.87,30.4,2.65,10.83,325,0
7.62,21.74,5.28,10.11,479,1
6.7,27.13,9.91,10.61,394,0
7.81,28.17,0.62,11.54,450,1
8.41,31.59,5.79,8.33,496,1
7.53,15.49,5.37,9.47,484,1
7.37,19.4,8.17,8.6,297,1
6.57,29.24,3.88,10.96,502,0
8.42,26.27,4.4,8.02,416,1
6.71,24.91,2.1,10.74,572,0
6.58,16.1,7.54,10.6,463,0
6.99,21.97,7.95,11.73,556,0
6.63,32.3,1.8,6.74,591,0
7.41,15.62,4.24,9.97,597,1
7.53,22.93,8.98,10.3,497,1
7.13,33.9,0.53,11.55,438,1
6.6,16.02,3.34,11.35,247,0
6.72,29.99,5.77,9.01,354,0
7.27,20.15,3.67,9.05,390,1
6.62,32.33,3.08,6.17,512,0
7.9,29.92,4.87,11.82,435,1
6.91,32.71,2.22,6.79,375,0
7.1,19.32,5.53,10.07,258,1
7.29,25.63,7.21,10.57,486,1
7.33,30.59,5.97,8.09,372,1
6.5,19.91,1.38,6.48,214,0
6.72,19.61,8.52,6.32,313,0
8.23,15.54,2.16,11.0,551,1
6.5,34.17,7.77,8.58,247,0
7.52,29.2,3.93,5.63,362,1
7.48,27.71,7.94,10.02,404,1
7.17,29.88,2.46,6.75,233,1
7.36,25.63,2.27,11.13,266,1
8.06,24.52,5.22,7.17,576,1
8.18,23.99,0.81,6.4,436,1
7.02,27.81,2.64,5.59,284,1
7.14,19.03,7.38,8.58,267,1
6.98,32.76,8.46,8.16,370,0
7.46,31.24,1.27,10.26,489,1
7.87,21.99,8.88,8.25,492,1
6.96,26.57,8.08,7.41,278,0
7.16,17.82,8.76,6.83,490,1
8.36,34.45,7.14,6.95,558,1
6.6,33.06,6.9,11.49,290,0
7.42,33.44,5.49,6.16,210,1
7.92,21.64,6.7,11.92,583,1
6.8,18.38,9.23,7.29,408,0
6.59,19.24,1.45,5.62,510,0
6.78,16.8,3.5,6.74,328,0
8.34,17.4,1.19,5.41,319,1
6.52,16.43,9.48,10.53,290,0
6.88,34.8,4.73,8.59,286,0
6.56,16.48,6.92,7.36,388,0
6.72,17.65,8.49,9.63,242,0
7.74,31.55,9.91,9.41,536,1
6.98,26.6,2.04,11.58,404,0
7.64,30.49,8.1,11.73,566,1
7.68,27.62,8.93,9.76,400,1
8.2,32.64,0.96,10.72,321,1
6.51,27.77,7.66,10.55,405,0
8.21,25.44,3.87,8.44,261,1
7.74,29.25,6.66,9.93,529,1
6.83,23.95,5.38,5.55,488,0
8.05,21.92,2.97,10.31,258,1
8.21,24.35,1.78,11.73,432,1
7.01,18.39,1.61,5.59,415,1
8.34,30.93,1.48,10.85,280,1
7.41,20.21,6.56,11.53,248,1
7.71,18.07,3.84,6.58,504,1
8.47,19.93,2.56,8.67,305,1
7.22,31.84,7.07,11.5,407,1
8.13,21.6,7.03,11.72,299,1
7.14,28.72,5.62,5.9,461,1
8.1,32.13,9.38,7.44,219,1
7.7,16.55,4.16,9.89,343,1
6.93,30.3,8.44,6.55,418,0
7.33,21.15,1.21,7.27,375,1
7.14,19.33,7.53,5.16,444,1
6.66,28.78,9.89,6.07,272,0
6.56,33.2,8.54,8.94,376,0
7.19,20.9,6.01,9.57,502,1
6.54,26.38,6.45,9.54,333,0
6.83,20.8,3.86,10.45,262,0
7.95,26.09,6.96,7.91,539,1
7.92,27.44,7.82,6.91,511,1
7.98,27.21,9.98,5.11,472,1
7.13,27.47,5.18,6.45,519,1
8.28,17.7,1.08,7.19,511,1
7.69,28.87,6.16,6.25,498,1
6.75,28.5,1.63,5.14,403,0
6.79,28.65,2.83,6.1,207,0
7.89,16.48,3.62,9.66,438,1
6.85,23.94,7.44,9.41,309,0
7.51,23.18,2.25,11.55,509,1
8.48,16.73,2.07,10.59,387,1
6.51,19.45,0.93,8.97,562,0
6.53,23.82,8.8,5.96,438,0
8.49,29.86,7.09,8.95,420,1
7.67,19.74,0.88,5.43,567,1
6.75,31.59,0.77,8.02,390,0
8.29,25.92,5.81,7.73,350,1
8.26,30.21,3.18,7.99,348,1
7.57,24.45,6.17,6.96,550,1
7.74,24.98,4.63,9.8,502,1
7.05,27.39,9.27,10.89,265,1
6.6,33.56,3.23,10.38,396,0
7.69,24.84,6.95,9.39,348,1
7.09,25.57,1.01,8.77,458,1
7.83,27.04,9.58,5.22,220,1
8.17,29.75,9.82,10.06,485,1
6.54,16.44,7.52,8.81,496,0
7.69,25.31,4.92,6.9,290,1
6.96,24.63,2.59,7.29,260,0
8.25,33.43,8.22,11.55,451,1
7.01,24.87,7.5,9.37,302,1
7.72,24.37,2.61,8.33,576,1
7.61,34.24,4.79,9.35,510,1
7.29,24.01,4.9,7.9,582,1
7.86,18.62,8.35,8.29,413,1
7.95,19.34,7.0,7.03,575,1
7.63,16.9,6.61,8.08,205,1
8.02,15.01,6.67,9.8,315,1
8.47,23.64,3.07,5.28,200,1
7.34,30.38,4.03,10.57,471,1
7.53,29.67,0.93,6.98,404,1
6.52,15.64,7.98,9.78,315,0
8.09,26.4,4.61,9.5,321,1
7.54,18.09,4.66,9.57,457,1
7.32,33.82,2.83,9.26,272,1
6.69,18.35,2.49,11.71,405,0
8.28,27.53,6.08,8.56,445,1
7.29,21.52,2.71,10.13,295,1
7.87,27.83,1.11,9.94,291,1
6.8,23.25,7.79,6.65,341,0
8.42,30.19,4.08,6.98,436,1
6.86,19.61,4.11,7.97,301,0
6.9,33.12,4.6,6.94,351,0
8.22,25.0,8.24,7.57,417,1
8.33,30.12,3.55,7.74,274,1
6.92,31.99,7.7,9.23,427,0
7.44,34.98,9.43,6.54,255,1
7.97,19.48,6.78,10.63,257,1
8.26,20.74,4.6,8.06,294,1
7.26,20.01,7.6,9.94,314,1
7.53,20.26,4.85,5.57,211,1
7.98,26.65,4.44,8.29,584,1
7.96,34.87,5.49,5.2,323,1
8.07,34.81,3.52,9.73,521,1
7.64,25.54,1.49,7.41,560,1
6.71,27.78,4.44,11.64,520,0
8.31,32.2,1.68,7.27,532,1
8.23,33.66,4.4,8.95,240,1
8.1,19.08,5.79,6.8,348,1
6.7,25.57,9.34,9.34,498,0
6.91,31.66,0.84,8.27,430,0
7.99,21.06,6.4,7.59,202,1
6.55,23.8,4.85,6.43,426,0
8.46,34.71,0.69,5.78,521,1
7.25,34.7,2.87,5.84,531,1
7.94,33.12,1.63,11.99,353,1
8.28,30.97,2.56,7.89,294,1
7.29,20.38,3.11,5.01,323,1
7.14,21.42,4.31,11.67,318,1
7.72,25.95,5.53,5.14,338,1
7.66,26.22,0.51,7.93,320,1
7.32,25.11,2.04,10.02,382,1
7.7,27.73,1.39,11.4,216,1
8.37,23.17,5.72,9.99,310,1
7.44,29.98,3.63,8.25,325,1
6.89,21.67,5.71,11.82,261,0
7.25,21.61,2.61,5.28,551,1
7.29,17.54,0.73,11.91,470,1
6.76,18.77,9.44,10.95,564,0
6.83,32.01,1.53,11.5,424,0
7.87,23.93,1.71,6.78,243,1
7.18,19.56,1.89,6.0,561,1
8.41,30.19,9.82,9.64,383,1
6.99,26.08,6.37,8.61,473,0
6.7,15.42,6.3,8.66,352,0
8.01,21.33,9.87,11.47,397,1
8.26,18.54,1.34,9.34,395,1
7.06,28.12,9.76,7.18,313,1
6.9,20.5,2.44,7.8,421,0
6.87,16.3,6.42,5.93,493,0
7.54,16.1,4.49,6.35,208,1
7.44,26.63,4.15,6.0,252,1
7.02,15.43,9.35,10.67,536,1
6.59,31.98,1.92,9.93,427,0
7.46,18.11,9.97,8.71,589,1
8.42,27.13,4.1,7.62,441,1
7.81,23.89,6.66,9.68,461,1
7.49,23.86,9.7,10.69,559,1
6.72,16.44,1.05,11.17,464,0
7.0,31.06,9.27,8.83,331,1
7.09,32.86,5.89,10.74,411,1
8.03,15.22,7.19,8.58,294,1
8.25,18.57,1.92,8.32,333,1
8.3,33.08,5.57,11.06,472,1
8.47,25.99,6.9,7.7,259,1
8.46,18.0,4.83,7.77,468,1
8.41,19.06,1.97,7.13,433,1
6.64,28.2,2.82,8.63,323,0
6.78,29.5,8.62,8.81,217,0
7.11,26.99,0.83,9.62,481,1
7.61,34.06,7.23,8.01,529,1
6.69,24.88,9.99,6.52,492,0
8.19,21.01,0.57,11.07,368,1
7.73,24.54,2.03,7.42,461,1
7.58,22.19,6.9,11.46,365,1
6.83,19.49,1.07,6.45,343,0
7.01,15.92,6.1,8.92,330,1
6.82,22.04,7.0,8.76,284,0
8.2,29.23,6.09,10.8,587,1
7.67,15.37,3.97,5.97,466,1
7.97,23.78,7.12,11.37,269,1
7.09,27.88,6.15,8.72,546,1
7.24,27.21,2.47,9.1,260,1
7.31,30.53,5.85,8.57,437,1
8.02,31.21,8.88,5.25,266,1
8.04,29.23,6.83,8.48,344,1
6.91,17.06,4.98,6.84,463,0
8.38,24.5,3.56,7.4,599,1
6.74,27.07,1.32,9.54,596,0
8.29,19.91,2.82,8.48,558,1
6.7,15.85,0.61,5.65,294,0
7.03,19.47,9.87,5.51,237,1
8.19,24.1,2.61,6.3,562,1
6.86,23.28,8.24,6.34,569,0
7.33,18.53,2.1,9.26,311,1
7.4,31.49,3.19,6.24,207,1
6.99,33.51,4.47,11.17,459,0
7.92,19.03,3.58,6.47,230,1
8.2,33.59,8.08,5.64,216,1
8.25,15.36,9.6,11.13,574,1
7.18,33.5,8.82,7.07,398,1
7.56,34.04,1.96,7.98,244,1
7.0,15.24,7.88,11.71,461,1
6.99,30.26,1.91,11.61,347,0
6.82,34.4,9.18,10.0,414,0
8.38,33.12,5.42,5.48,559,1
8.28,34.41,3.7,9.15,295,1
8.05,26.01,1.99,11.92,458,1
7.54,16.56,0.61,11.63,531,1
7.48,32.0,2.86,5.74,369,1
7.56,27.28,9.18,7.77,588,1
7.57,27.29,8.07,7.21,379,1
7.37,23.35,9.71,5.91,383,1
6.76,26.44,1.46,9.86,553,0
6.75,18.07,6.13,6.92,454,0
8.4,29.8,2.94,7.41,547,1
7.46,16.5,5.66,5.63,516,1
8.41,29.6,3.54,8.49,484,1
6.83,31.98,3.19,6.11,296,0
7.61,24.45,5.95,8.02,359,1
6.92,25.2,2.24,6.0,545,0
7.01,21.24,4.96,11.68,446,1
6.56,34.39,6.68,6.01,312,0
6.74,29.66,1.72,8.65,330,0
8.33,22.38,9.34,6.38,510,1
7.14,18.5,5.3,5.53,271,1
7.72,19.39,8.29,6.42,244,1
7.43,24.28,6.71,5.38,506,1
7.3,33.85,7.25,5.98,315,1
7.56,29.68,7.3,8.45,506,1
6.87,19.3,8.81,9.56,413,0
8.48,32.19,6.33,5.61,599,1
8.14,22.56,3.14,8.09,409,1
7.98,32.03,1.45,9.07,546,1
7.44,19.83,6.26,6.64,540,1
6.81,27.37,1.13,7.6,284,0
8.34,33.53,2.79,5.5,598,1
7.18,20.16,1.08,6.54,498,1
6.6,28.86,5.71,8.27,242,0
7.18,34.75,2.02,11.93,202,1
8.09,18.01,6.3,11.97,308,1
7.75,16.77,8.01,11.86,206,1
8.0,28.48,8.31,7.96,343,1
8.09,21.79,3.44,5.56,598,1
6.92,16.42,5.72,7.27,391,0
8.35,24.51,5.85,6.66,209,1
7.38,30.08,4.99,5.1,397,1
7.78,20.7,6.72,5.67,287,1
6.5,21.7,2.5,8.17,542,0
8.49,31.91,9.8,7.38,236,1
7.06,25.4,1.43,6.26,508,1
